,
🏫 Coimbatore District – Colleges,
,
Adithya Institute of Technology,coimbatore
,coimbatore
Akshaya College of Engineering & Technology,coimbatore
,coimbatore
Akshaya Institute of Management Studies (Stand Alone),coimbatore
,coimbatore
Arjun College of Technology,coimbatore
,coimbatore
Asian College of Engineering and Technology,coimbatore
,coimbatore
C M S College of Engineering and Technology,coimbatore
,coimbatore
Christ The King Engineering College,coimbatore
,coimbatore
Coimbatore Institute of Engineering and Technology (Autonomous),coimbatore
,coimbatore
Coimbatore Institute of Technology (Autonomous),coimbatore
,coimbatore
Dhanalakshmi Srinivasan College of Engineering,coimbatore
,coimbatore
Dhaanish Ahmed Institute of Technology,coimbatore
,coimbatore
Dr. Mahalingam College of Engineering & Technology (Autonomous),coimbatore
,coimbatore
Dr. N G P Institute of Technology (Autonomous),coimbatore
,coimbatore
Easa College of Engineering and Technology,coimbatore
,coimbatore
"Government College of Technology, Coimbatore (Autonomous)",coimbatore
,coimbatore
Happy Valley Business School,coimbatore
,coimbatore
Hindusthan College of Engineering and Technology (Autonomous),coimbatore
,coimbatore
Hindusthan Institute of Technology (Autonomous),coimbatore
,coimbatore
Hindusthan School of Architecture,coimbatore
,coimbatore
INFO Institute of Engineering,coimbatore
,coimbatore
J C T College of Engineering and Technology,coimbatore
,coimbatore
Jansons Institute of Technology,coimbatore
,coimbatore
K P R Institute of Engineering and Technology (Autonomous),coimbatore
,coimbatore
KIT – Kalaignarkarunanidhi Institute of Technology (Autonomous),coimbatore
,coimbatore
Karpagam College of Engineering (Autonomous),coimbatore
,coimbatore
Karpagam Institute of Technology,coimbatore
,coimbatore
Kathir College of Engineering,coimbatore
,coimbatore
KGISL Institute of Technology,coimbatore
,coimbatore
Kumaraguru College of Technology (Autonomous),coimbatore
,coimbatore
KV Institute of Management & Information Studies,coimbatore
,coimbatore
Nehru Institute of Engineering and Technology,coimbatore
,coimbatore
Nehru Institute of Information Technology and Management,coimbatore
,coimbatore
Nehru Institute of Technology (Autonomous),coimbatore
,coimbatore
Nehru School of Architecture,coimbatore
,coimbatore
P A College of Engineering and Technology (Autonomous),coimbatore
,coimbatore
P.S.G. College of Technology (Autonomous),coimbatore
,coimbatore
PSG Institute of Technology and Applied Research,coimbatore
,coimbatore
PSG Institute of Architecture and Planning,coimbatore
,coimbatore
Park College of Engineering and Technology,coimbatore
,coimbatore
Park College of Technology,coimbatore
,coimbatore
PPG Business School,coimbatore
,coimbatore
PPG Institute of Technology,coimbatore
,coimbatore
Park Institute of Architecture,coimbatore
,coimbatore
Pollachi Institute of Engineering and Technology,coimbatore
,coimbatore
R V S College of Engineering and Technology,coimbatore
,coimbatore
R.V.S Technical Campus Coimbatore,coimbatore
,coimbatore
R.V.S. School of Architecture,coimbatore
,coimbatore
Ranganathan Architecture College,coimbatore
,coimbatore
Rathinam Technical Campus,coimbatore
,coimbatore
Rathinam School of Architecture,coimbatore
,coimbatore
RVS Institute of Management Studies,coimbatore
,coimbatore
Sasi Creative School of Architecture,coimbatore
,coimbatore
School of Architecture Coimbatore Institute of Engineering and Technology,coimbatore
,coimbatore
Suguna College of Engineering,coimbatore
,coimbatore
SNS College of Engineering (Autonomous),coimbatore
,coimbatore
Sakthi Institute of Information & Management Studies,coimbatore
,coimbatore
SAN International Business School,coimbatore
,coimbatore
San Academy of Architecture,coimbatore
,coimbatore
Sardar Vallabhbhai Patel International School of Textiles and Management,coimbatore
,coimbatore
SNS College of Technology (Autonomous),coimbatore
,coimbatore
Sree Sakthi Engineering College,coimbatore
,coimbatore
Sri Eshwar College of Engineering (Autonomous),coimbatore
,coimbatore
Sri Krishna College of Engineering & Technology (Autonomous),coimbatore
,coimbatore
Sri Krishna College of Technology (Autonomous),coimbatore
,coimbatore
Sri Ramakrishna Engineering College (Autonomous),coimbatore
,coimbatore
Sri Ramakrishna Institute of Technology (Autonomous),coimbatore
,coimbatore
Sri Ranganathar Institute of Engineering and Technology,coimbatore
,coimbatore
Sri Sai Ranganathan Engineering College,coimbatore
,coimbatore
Sri Shakthi Institute of Engineering and Technology (Autonomous),coimbatore
,coimbatore
Studyworld College of Engineering,coimbatore
,coimbatore
Sri Venkateswara College of Computer Applications & Management,coimbatore
,coimbatore
Sri Venkateswara Institute of Information Technology and Management,coimbatore
,coimbatore
Tamilnadu College of Engineering,coimbatore
,coimbatore
Tamilnadu School of Architecture,coimbatore
,coimbatore
Rathinam School of Business at Tips Global (formerly TIPS School of Management),coimbatore
,coimbatore
Rathinam School of Architecture and Design (formerly Tips School of Architecture),coimbatore
,coimbatore
United Institute of Technology,coimbatore
,coimbatore
V.S.B. College of Engineering Technical Campus,coimbatore
,coimbatore
Vivekananda Institute of Management Studies,coimbatore
,coimbatore
Vishnu Lakshmi College of Engineering and Technology,coimbatore
,
,
,
,
,
,
,
,
,
,
,
,
,
